Product,Size
woven farmhouse,curtain
woven farm house,drape
woven semi sheer,drapery
woven rustic,panel
linen farmhouse,window curtain
linen farm house,draperies
linen semi sheer,
linen rustic,
texture grommet,
texture coastal,
texture heavy,
texture pattern,
texture modern,
texture woven,
texture texture,
texture tweed,
texture chambray,
texture farmhouse,
texture farm house,
texture semi sheer,
texture rustic,
tweed grommet,
tweed coastal,
tweed heavy,
tweed pattern,
tweed modern,
tweed woven,
tweed texture,
tweed tweed,
tweed chambray,
tweed farmhouse,
tweed farm house,
tweed semi sheer,
tweed rustic,
chambray grommet,
chambray coastal,
chambray heavy,
chambray pattern,
chambray modern,
chambray woven,
chambray texture,
chambray tweed,
chambray chambray,
chambray farmhouse,
chambray farm house,
chambray semi sheer,
chambray rustic,
chambray boho,
chambray bohemian,
